trial_id,grid_size,density,heuristic,success,path_length,nodes_expanded,nodes_generated,time_sec
1,15,0.1,manhattan,True,10,18,33,8.335100000067541e-05
1,15,0.1,euclidean,True,10,18,33,0.00021721400000274116
1,15,0.1,chebyshev,True,10,26,43,7.101499999606631e-05
1,15,0.1,dijkstra_baseline,True,10,109,122,0.0002808099999995761
2,15,0.1,manhattan,True,14,42,64,0.0001118680000047334
2,15,0.1,euclidean,True,14,62,89,0.00019810700000277848
2,15,0.1,chebyshev,True,14,79,107,0.00019072900000338677
2,15,0.1,dijkstra_baseline,True,14,182,189,0.00037272000000143635
3,15,0.1,manhattan,True,9,27,45,7.199299999882669e-05
3,15,0.1,euclidean,True,9,32,50,0.00011884500000292064
3,15,0.1,chebyshev,True,9,38,58,9.86530000020025e-05
3,15,0.1,dijkstra_baseline,True,9,113,131,0.00022340400000331329
4,15,0.1,manhattan,True,14,38,61,0.00014048199999905364
4,15,0.1,euclidean,True,14,47,70,0.00011039900000042735
4,15,0.1,chebyshev,True,14,58,78,0.0001352929999995922
4,15,0.1,dijkstra_baseline,True,14,142,155,0.0002793939999961026
5,15,0.1,manhattan,True,8,9,24,2.7818999996043203e-05
5,15,0.1,euclidean,True,8,9,24,3.3561999998710235e-05
5,15,0.1,chebyshev,True,8,9,24,6.267800000614443e-05
5,15,0.1,dijkstra_baseline,True,8,76,88,0.00014991300000133378
6,15,0.1,manhattan,True,1,2,4,5.805999997221534e-06
6,15,0.1,euclidean,True,1,2,4,4.7210000033715005e-06
6,15,0.1,chebyshev,True,1,2,4,4.444999994746013e-06
6,15,0.1,dijkstra_baseline,True,1,4,9,8.54000000316546e-06
7,15,0.1,manhattan,True,19,91,116,0.00019451899999722855
7,15,0.1,euclidean,True,19,105,129,0.00025453800000008187
7,15,0.1,chebyshev,True,19,121,147,0.00026498900000149206
7,15,0.1,dijkstra_baseline,True,19,192,196,0.00036138500000504337
8,15,0.1,manhattan,True,7,16,27,4.086999999941554e-05
8,15,0.1,euclidean,True,7,17,27,4.0227999996034214e-05
8,15,0.1,chebyshev,True,7,20,31,7.972199999528584e-05
8,15,0.1,dijkstra_baseline,True,7,64,80,0.00013452700000016193
9,15,0.1,manhattan,True,7,15,27,3.847400000012158e-05
9,15,0.1,euclidean,True,7,17,29,4.033900000166568e-05
9,15,0.1,chebyshev,True,7,19,32,6.583000000404127e-05
9,15,0.1,dijkstra_baseline,True,7,64,77,0.0001342239999999606
10,15,0.1,manhattan,True,14,58,84,0.00013364299999807372
10,15,0.1,euclidean,True,14,71,95,0.00015604600000074242
10,15,0.1,chebyshev,True,14,81,105,0.0001841059999989625
10,15,0.1,dijkstra_baseline,True,14,151,164,0.0003509430000008251
11,15,0.1,manhattan,True,13,25,46,6.47629999974697e-05
11,15,0.1,euclidean,True,13,25,46,6.271900000598407e-05
11,15,0.1,chebyshev,True,13,37,59,9.101500000241458e-05
11,15,0.1,dijkstra_baseline,True,13,149,162,0.00035729500000059033
12,15,0.1,manhattan,True,13,36,57,8.687900000126092e-05
12,15,0.1,euclidean,True,13,41,62,9.508999999496837e-05
12,15,0.1,chebyshev,True,13,49,74,0.0001187619999996059
12,15,0.1,dijkstra_baseline,True,13,156,169,0.00031578000000109796
13,15,0.1,manhattan,True,10,21,39,5.446699999822613e-05
13,15,0.1,euclidean,True,10,25,42,6.0254999993958336e-05
13,15,0.1,chebyshev,True,10,30,49,7.303999999663802e-05
13,15,0.1,dijkstra_baseline,True,10,110,125,0.00020817100000414257
14,15,0.1,manhattan,True,10,31,47,9.842000000048756e-05
14,15,0.1,euclidean,True,10,36,52,8.087900000219861e-05
14,15,0.1,chebyshev,True,10,43,55,9.650999999877286e-05
14,15,0.1,dijkstra_baseline,True,10,86,97,0.00018128199999978278
15,15,0.1,manhattan,True,5,10,22,2.811299999905259e-05
15,15,0.1,euclidean,True,5,10,22,2.691499999940561e-05
15,15,0.1,chebyshev,True,5,13,26,3.5049000004505615e-05
15,15,0.1,dijkstra_baseline,True,5,40,60,8.55250000029173e-05
16,15,0.2,manhattan,True,15,41,65,9.701900000180785e-05
16,15,0.2,euclidean,True,15,53,72,0.00011244899999951485
16,15,0.2,chebyshev,True,15,57,78,0.00012489400000248452
16,15,0.2,dijkstra_baseline,True,15,139,148,0.0002561639999996146
17,15,0.2,manhattan,True,14,44,61,0.00010135899999852427
17,15,0.2,euclidean,True,14,57,78,0.00012791400000367048
17,15,0.2,chebyshev,True,14,68,83,0.00015096399999947607
17,15,0.2,dijkstra_baseline,True,14,130,139,0.0002423600000014403
18,15,0.2,manhattan,True,13,32,44,0.00010438800000400761
18,15,0.2,euclidean,True,13,41,56,9.081400000354733e-05
18,15,0.2,chebyshev,True,13,54,71,0.00012138799999661387
18,15,0.2,dijkstra_baseline,True,13,131,137,0.00025189600000175005
19,15,0.2,manhattan,True,2,3,5,7.4959999949442135e-06
19,15,0.2,euclidean,True,2,3,5,6.187000003876619e-06
19,15,0.2,chebyshev,True,2,3,5,2.8993000000809843e-05
19,15,0.2,dijkstra_baseline,True,2,4,6,1.0283999998250692e-05
20,15,0.2,manhattan,True,14,41,59,9.421499999717753e-05
20,15,0.2,euclidean,True,14,50,69,0.00011201499999913267
20,15,0.2,chebyshev,True,14,65,87,0.00021077999999619124
20,15,0.2,dijkstra_baseline,True,14,140,146,0.0005060249999999655
21,15,0.2,manhattan,True,12,38,57,0.00020339900000010402
21,15,0.2,euclidean,True,12,44,62,0.00019054699999543345
21,15,0.2,chebyshev,True,12,52,68,0.00021999299999464483
21,15,0.2,dijkstra_baseline,True,12,152,161,0.0002925719999993248
22,15,0.2,manhattan,True,18,64,87,0.0001874840000013478
22,15,0.2,euclidean,True,18,83,102,0.00019707300000249006
22,15,0.2,chebyshev,True,18,94,113,0.0002081199999963701
22,15,0.2,dijkstra_baseline,True,18,155,161,0.00033462799999739445
23,15,0.2,manhattan,True,22,93,121,0.0002056780000003755
23,15,0.2,euclidean,True,22,119,136,0.00024011200000018107
23,15,0.2,chebyshev,True,22,124,143,0.00030533599999671424
23,15,0.2,dijkstra_baseline,True,22,171,173,0.0003188419999986536
24,15,0.2,manhattan,True,10,18,29,4.25969999966469e-05
24,15,0.2,euclidean,True,10,20,31,4.463500000184695e-05
24,15,0.2,chebyshev,True,10,23,35,0.00010254299999701288
24,15,0.2,dijkstra_baseline,True,10,53,66,0.00011199899999780882
25,15,0.2,manhattan,True,14,49,63,0.00010436499999855187
25,15,0.2,euclidean,True,14,50,63,0.00010441799999938439
25,15,0.2,chebyshev,True,14,56,69,0.00011902600000013308
25,15,0.2,dijkstra_baseline,True,14,90,101,0.00018028299999883757
26,15,0.2,manhattan,True,8,16,26,6.739300000191406e-05
26,15,0.2,euclidean,True,8,18,28,4.714699999652794e-05
26,15,0.2,chebyshev,True,8,21,32,5.050699999742392e-05
26,15,0.2,dijkstra_baseline,True,8,71,86,0.00013881499999968128
27,15,0.2,manhattan,True,9,25,37,5.74370000023805e-05
27,15,0.2,euclidean,True,9,28,41,6.398400000051652e-05
27,15,0.2,chebyshev,True,9,34,47,7.909600000033379e-05
27,15,0.2,dijkstra_baseline,True,9,83,96,0.0002104340000030902
28,15,0.2,manhattan,True,7,16,24,3.692299999613624e-05
28,15,0.2,euclidean,True,7,18,26,3.8233000005050144e-05
28,15,0.2,chebyshev,True,7,20,26,4.369300000206522e-05
28,15,0.2,dijkstra_baseline,True,7,28,33,5.125700000263578e-05
29,15,0.2,manhattan,True,10,15,27,3.488500000514705e-05
29,15,0.2,euclidean,True,10,15,27,4.471499999425532e-05
29,15,0.2,chebyshev,True,10,22,37,6.045800000009649e-05
29,15,0.2,dijkstra_baseline,True,10,69,77,0.00016242000000232792
30,15,0.2,manhattan,True,6,8,18,2.2336000000677814e-05
30,15,0.2,euclidean,True,6,9,20,4.5211999996297436e-05
30,15,0.2,chebyshev,True,6,13,25,3.8813999999831594e-05
30,15,0.2,dijkstra_baseline,True,6,34,44,6.753099999912138e-05
31,15,0.3,manhattan,True,7,16,23,3.689400000439491e-05
31,15,0.3,euclidean,True,7,16,23,3.5654000001272834e-05
31,15,0.3,chebyshev,True,7,20,28,4.579400000181977e-05
31,15,0.3,dijkstra_baseline,True,7,42,52,7.8387000002067e-05
32,15,0.3,manhattan,True,20,74,93,0.00016190600000243194
32,15,0.3,euclidean,True,20,86,102,0.00018326100000365386
32,15,0.3,chebyshev,True,20,98,112,0.00021044100000011667
32,15,0.3,dijkstra_baseline,True,20,132,135,0.0002709669999987341
33,15,0.3,manhattan,True,9,20,30,4.860399999984111e-05
33,15,0.3,euclidean,True,9,25,34,5.411600000115868e-05
33,15,0.3,chebyshev,True,9,29,37,6.154699999427748e-05
33,15,0.3,dijkstra_baseline,True,9,38,44,6.900000000342743e-05
34,15,0.3,manhattan,True,4,8,12,2.114799999475281e-05
34,15,0.3,euclidean,True,4,8,12,2.718000000356824e-05
34,15,0.3,chebyshev,True,4,10,15,2.4473999999941043e-05
34,15,0.3,dijkstra_baseline,True,4,21,31,4.1682000002651876e-05
35,15,0.3,manhattan,True,5,6,15,1.744100000422577e-05
35,15,0.3,euclidean,True,5,6,15,1.6450000003942478e-05
35,15,0.3,chebyshev,True,5,6,15,1.680199999753995e-05
35,15,0.3,dijkstra_baseline,True,5,24,31,4.603700000416211e-05
36,15,0.3,manhattan,True,17,38,52,8.009900000160997e-05
36,15,0.3,euclidean,True,17,48,64,9.735900000151787e-05
36,15,0.3,chebyshev,True,17,59,73,0.0001224270000008687
36,15,0.3,dijkstra_baseline,True,17,111,118,0.0002022799999963354
37,15,0.3,manhattan,True,13,30,44,7.081200000413901e-05
37,15,0.3,euclidean,True,13,35,47,7.605899999418853e-05
37,15,0.3,chebyshev,True,13,42,54,9.308299999588598e-05
37,15,0.3,dijkstra_baseline,True,13,76,89,0.00014542099999914626
38,15,0.3,manhattan,True,2,3,6,1.4850999995985603e-05
38,15,0.3,euclidean,True,2,3,6,7.614000004707577e-06
38,15,0.3,chebyshev,True,2,3,6,6.81599999552418e-06
38,15,0.3,dijkstra_baseline,True,2,9,12,1.6473000002292792e-05
39,15,0.3,manhattan,True,25,100,114,0.000249163000006547
39,15,0.3,euclidean,True,25,113,123,0.00023571700000246665
39,15,0.3,chebyshev,True,25,125,135,0.00025430299999840145
39,15,0.3,dijkstra_baseline,True,25,151,153,0.0002986880000008796
40,15,0.3,manhattan,True,16,30,43,6.842999999889798e-05
40,15,0.3,euclidean,True,16,46,59,9.719300000199382e-05
40,15,0.3,chebyshev,True,16,59,73,0.0001298099999971214
40,15,0.3,dijkstra_baseline,True,16,122,123,0.00025128000000052
41,15,0.3,manhattan,True,8,13,20,3.060999999604519e-05
41,15,0.3,euclidean,True,8,13,20,2.8931999999315394e-05
41,15,0.3,chebyshev,True,8,17,23,3.747299999901088e-05
41,15,0.3,dijkstra_baseline,True,8,36,44,6.837800000170091e-05
42,15,0.3,manhattan,True,3,5,8,1.1978999999939788e-05
42,15,0.3,euclidean,True,3,5,8,1.1102999998513496e-05
42,15,0.3,chebyshev,True,3,5,8,1.0717999998632877e-05
42,15,0.3,dijkstra_baseline,True,3,12,15,2.238400000464935e-05
43,15,0.3,manhattan,True,32,96,109,0.00022528000000221482
43,15,0.3,euclidean,True,32,99,111,0.00019886800000534777
43,15,0.3,chebyshev,True,32,106,119,0.00021587699999514598
43,15,0.3,dijkstra_baseline,True,32,130,133,0.00022950800000387517
44,15,0.3,manhattan,True,14,40,53,0.00010584500000021535
44,15,0.3,euclidean,True,14,47,59,0.0001280799999960891
44,15,0.3,chebyshev,True,14,53,65,0.00011409199999690145
44,15,0.3,dijkstra_baseline,True,14,84,93,0.0001528399999983776
45,15,0.3,manhattan,True,5,11,19,2.802600000251232e-05
45,15,0.3,euclidean,True,5,11,19,2.632099999999582e-05
45,15,0.3,chebyshev,True,5,13,21,3.0406000000482436e-05
45,15,0.3,dijkstra_baseline,True,5,36,46,9.26559999996357e-05
46,25,0.1,manhattan,True,20,92,123,0.00024018199999886747
46,25,0.1,euclidean,True,20,121,159,0.0002691440000006651
46,25,0.1,chebyshev,True,20,151,191,0.0003467420000049515
46,25,0.1,dijkstra_baseline,True,20,389,410,0.0008606429999957754
47,25,0.1,manhattan,True,16,35,58,9.206400000039139e-05
47,25,0.1,euclidean,True,16,48,76,0.00011375499999388694
47,25,0.1,chebyshev,True,16,73,100,0.00023543500000045015
47,25,0.1,dijkstra_baseline,True,16,329,358,0.0006993550000018445
48,25,0.1,manhattan,True,11,31,48,7.800499999888189e-05
48,25,0.1,euclidean,True,11,37,55,8.548000000274669e-05
48,25,0.1,chebyshev,True,11,44,65,0.00010415499999538724
48,25,0.1,dijkstra_baseline,True,11,107,122,0.00021836999999891304
49,25,0.1,manhattan,True,14,21,41,5.758999999727621e-05
49,25,0.1,euclidean,True,14,21,41,5.317099999757602e-05
49,25,0.1,chebyshev,True,14,32,53,7.821700000221199e-05
49,25,0.1,dijkstra_baseline,True,14,305,335,0.0006782549999968523
50,25,0.1,manhattan,True,28,174,221,0.00037739400000447176
50,25,0.1,euclidean,True,28,232,270,0.0005686909999980116
50,25,0.1,chebyshev,True,28,264,306,0.0006353939999996783
50,25,0.1,dijkstra_baseline,True,28,494,507,0.0010323370000051568
51,25,0.1,manhattan,True,10,11,28,3.526500000106125e-05
51,25,0.1,euclidean,True,10,11,28,3.84120000020971e-05
51,25,0.1,chebyshev,True,10,11,28,3.972599999713111e-05
51,25,0.1,dijkstra_baseline,True,10,120,140,0.0002846539999978859
52,25,0.1,manhattan,True,26,172,219,0.00040055899999913436
52,25,0.1,euclidean,True,26,226,277,0.0005461940000017762
52,25,0.1,chebyshev,True,26,267,317,0.0006153040000000942
52,25,0.1,dijkstra_baseline,True,26,499,508,0.0016205299999967337
53,25,0.1,manhattan,True,18,77,101,0.00017202000000082762
53,25,0.1,euclidean,True,18,100,128,0.0002785699999989788
53,25,0.1,chebyshev,True,18,123,157,0.00028531999999614754
53,25,0.1,dijkstra_baseline,True,18,449,474,0.0012198770000040327
54,25,0.1,manhattan,True,12,47,71,0.00013697900000408936
54,25,0.1,euclidean,True,12,58,84,0.00013679700000324146
54,25,0.1,chebyshev,True,12,69,97,0.00018657800000454472
54,25,0.1,dijkstra_baseline,True,12,239,273,0.000553058999997802
55,25,0.1,manhattan,True,8,15,26,7.7193999999281e-05
55,25,0.1,euclidean,True,8,17,30,4.563699999948767e-05
55,25,0.1,chebyshev,True,8,23,37,5.942000000658254e-05
55,25,0.1,dijkstra_baseline,True,8,100,123,0.00022500699999739027
56,25,0.1,manhattan,True,4,7,14,6.533200000546913e-05
56,25,0.1,euclidean,True,4,7,14,2.770400000429163e-05
56,25,0.1,chebyshev,True,4,9,17,2.5450000002535944e-05
56,25,0.1,dijkstra_baseline,True,4,27,43,9.719799999885481e-05
57,25,0.1,manhattan,True,25,100,142,0.00025649799999882816
57,25,0.1,euclidean,True,25,154,193,0.00036472600000081457
57,25,0.1,chebyshev,True,25,196,245,0.0005152620000004049
57,25,0.1,dijkstra_baseline,True,25,512,524,0.0011540130000042836
58,25,0.1,manhattan,True,8,19,33,5.3502000000094085e-05
58,25,0.1,euclidean,True,8,23,41,9.110599999928581e-05
58,25,0.1,chebyshev,True,8,30,47,9.641900000190162e-05
58,25,0.1,dijkstra_baseline,True,8,119,149,0.0003026429999977154
59,25,0.1,manhattan,True,22,71,112,0.00018924399999775687
59,25,0.1,euclidean,True,22,88,127,0.0002855780000032837
59,25,0.1,chebyshev,True,22,115,153,0.0002741830000019263
59,25,0.1,dijkstra_baseline,True,22,424,440,0.0010756779999994137
60,25,0.1,manhattan,True,8,12,25,3.530299999709996e-05
60,25,0.1,euclidean,True,8,12,25,4.3076999993729714e-05
60,25,0.1,chebyshev,True,8,18,34,7.411699999693155e-05
60,25,0.1,dijkstra_baseline,True,8,90,117,0.0002580989999998451
61,25,0.2,manhattan,True,21,54,75,0.00020150900000004413
61,25,0.2,euclidean,True,21,91,111,0.0003063539999956788
61,25,0.2,chebyshev,True,21,105,125,0.00036715299999912077
61,25,0.2,dijkstra_baseline,True,21,217,236,0.0006213079999994875
62,25,0.2,manhattan,True,26,98,125,0.00022952599999825907
62,25,0.2,euclidean,True,26,153,180,0.0007233500000012327
62,25,0.2,chebyshev,True,26,187,219,0.00044623699999846167
62,25,0.2,dijkstra_baseline,True,26,349,368,0.0007660529999995447
63,25,0.2,manhattan,True,10,23,36,5.892899999793144e-05
63,25,0.2,euclidean,True,10,27,40,6.162799999742674e-05
63,25,0.2,chebyshev,True,10,34,52,9.1709999999523e-05
63,25,0.2,dijkstra_baseline,True,10,116,131,0.0002328550000001428
64,25,0.2,manhattan,True,8,14,25,3.8885999998683474e-05
64,25,0.2,euclidean,True,8,15,25,7.464099999765494e-05
64,25,0.2,chebyshev,True,8,18,26,4.380799999381679e-05
64,25,0.2,dijkstra_baseline,True,8,52,66,0.00010149799999936704
65,25,0.2,manhattan,True,21,66,87,0.0001630260000027306
65,25,0.2,euclidean,True,21,119,148,0.0002539299999995137
65,25,0.2,chebyshev,True,21,148,177,0.0003564179999955286
65,25,0.2,dijkstra_baseline,True,21,437,449,0.0009187819999993962
66,25,0.2,manhattan,True,12,27,38,6.306800000288604e-05
66,25,0.2,euclidean,True,12,36,51,0.00011170000000504388
66,25,0.2,chebyshev,True,12,47,68,0.00011311899999810748
66,25,0.2,dijkstra_baseline,True,12,200,232,0.00039533000000346874
67,25,0.2,manhattan,True,29,138,184,0.0003095089999973766
67,25,0.2,euclidean,True,29,181,220,0.00040504500000082544
67,25,0.2,chebyshev,True,29,216,260,0.0004857710000010229
67,25,0.2,dijkstra_baseline,True,29,434,448,0.0008842079999951125
68,25,0.2,manhattan,True,21,83,115,0.0001900739999953771
68,25,0.2,euclidean,True,21,114,146,0.00027686800000026324
68,25,0.2,chebyshev,True,21,146,178,0.0003266249999995807
68,25,0.2,dijkstra_baseline,True,21,340,362,0.0006956730000027278
69,25,0.2,manhattan,True,15,58,78,0.00015359500000045045
69,25,0.2,euclidean,True,15,73,97,0.00016418899999592895
69,25,0.2,chebyshev,True,15,88,112,0.00020106999999569553
69,25,0.2,dijkstra_baseline,True,15,304,334,0.0006317469999999048
70,25,0.2,manhattan,True,6,14,21,4.188100000135364e-05
70,25,0.2,euclidean,True,6,15,23,4.202299999889192e-05
70,25,0.2,chebyshev,True,6,18,27,4.262000000210264e-05
70,25,0.2,dijkstra_baseline,True,6,50,62,0.0001033049999961122
71,25,0.2,manhattan,True,13,41,58,9.327499999756128e-05
71,25,0.2,euclidean,True,13,47,63,0.00011775299999783329
71,25,0.2,chebyshev,True,13,62,83,0.00016722299999827328
71,25,0.2,dijkstra_baseline,True,13,203,221,0.0005587739999981522
72,25,0.2,manhattan,True,11,17,27,4.1549999998835574e-05
72,25,0.2,euclidean,True,11,24,38,8.34180000026663e-05
72,25,0.2,chebyshev,True,11,32,50,0.00011181999999365644
72,25,0.2,dijkstra_baseline,True,11,145,171,0.0003729789999979971
73,25,0.2,manhattan,True,23,115,149,0.00026119600000384935
73,25,0.2,euclidean,True,23,149,182,0.0003583670000040229
73,25,0.2,chebyshev,True,23,180,215,0.0004008350000006544
73,25,0.2,dijkstra_baseline,True,23,428,440,0.0009209239999989904
74,25,0.2,manhattan,True,15,36,61,9.240300000357138e-05
74,25,0.2,euclidean,True,15,42,58,9.694900000312145e-05
74,25,0.2,chebyshev,True,15,54,75,0.00013085999999873366
74,25,0.2,dijkstra_baseline,True,15,272,305,0.0005732529999988856
75,25,0.2,manhattan,True,22,68,98,0.00018634100000269882
75,25,0.2,euclidean,True,22,79,106,0.00018201299999986986
75,25,0.2,chebyshev,True,22,101,130,0.00023180099999819959
75,25,0.2,dijkstra_baseline,True,22,292,312,0.00058726900000039
76,25,0.3,manhattan,True,42,220,239,0.0004997899999992228
76,25,0.3,euclidean,True,42,250,265,0.00049897000000243
76,25,0.3,chebyshev,True,42,285,305,0.0006483700000003978
76,25,0.3,dijkstra_baseline,True,42,353,359,0.0007341109999998707
77,25,0.3,manhattan,True,29,89,106,0.00018667499999480697
77,25,0.3,euclidean,True,29,114,126,0.00022572099999962347
77,25,0.3,chebyshev,True,29,126,141,0.00026361599999802365
77,25,0.3,dijkstra_baseline,True,29,203,210,0.00039941700000412084
78,25,0.3,manhattan,True,18,35,55,8.132199999977274e-05
78,25,0.3,euclidean,True,18,50,72,0.00014735099999541035
78,25,0.3,chebyshev,True,18,71,89,0.0001594389999937107
78,25,0.3,dijkstra_baseline,True,18,144,158,0.0003120780000003265
79,25,0.3,manhattan,True,11,20,35,5.085000000093487e-05
79,25,0.3,euclidean,True,11,24,38,5.5089000007058075e-05
79,25,0.3,chebyshev,True,11,29,42,6.708000000088532e-05
79,25,0.3,dijkstra_baseline,True,11,72,84,0.00013801499999743783
80,25,0.3,manhattan,True,18,64,80,0.00016338700000062545
80,25,0.3,euclidean,True,18,76,90,0.00017287500000406908
80,25,0.3,chebyshev,True,18,81,96,0.0001772550000040951
80,25,0.3,dijkstra_baseline,True,18,149,161,0.00028362199999776294
81,25,0.3,manhattan,True,16,45,57,9.71250000034729e-05
81,25,0.3,euclidean,True,16,47,60,9.751300000004903e-05
81,25,0.3,chebyshev,True,16,52,63,0.00011694600000566879
81,25,0.3,dijkstra_baseline,True,16,115,125,0.00022010800000060726
82,25,0.3,manhattan,True,62,157,180,0.0003288269999970339
82,25,0.3,euclidean,True,62,212,231,0.00043127600000048005
82,25,0.3,chebyshev,True,62,236,260,0.0005032030000009513
82,25,0.3,dijkstra_baseline,True,62,405,413,0.0008013639999973066
83,25,0.3,manhattan,True,16,42,56,0.0001059589999954369
83,25,0.3,euclidean,True,16,56,76,0.0001235229999991816
83,25,0.3,chebyshev,True,16,69,86,0.0001564200000032656
83,25,0.3,dijkstra_baseline,True,16,242,265,0.000542569000003823
84,25,0.3,manhattan,True,21,50,58,0.00010977200000183984
84,25,0.3,euclidean,True,21,55,64,0.00011361300000345409
84,25,0.3,chebyshev,True,21,64,73,0.00014087399999596073
84,25,0.3,dijkstra_baseline,True,21,170,193,0.0003433620000024007
85,25,0.3,manhattan,True,20,37,47,8.850799999748915e-05
85,25,0.3,euclidean,True,20,40,48,8.38200000004008e-05
85,25,0.3,chebyshev,True,20,42,50,0.00010350600000208487
85,25,0.3,dijkstra_baseline,True,20,71,84,0.00013302499999667816
86,25,0.3,manhattan,True,22,73,100,0.00015475099999662234
86,25,0.3,euclidean,True,22,92,117,0.00022380200000071682
86,25,0.3,chebyshev,True,22,114,144,0.00028780899999958365
86,25,0.3,dijkstra_baseline,True,22,346,364,0.0006913380000028724
87,25,0.3,manhattan,True,12,26,41,6.167200000106732e-05
87,25,0.3,euclidean,True,12,31,47,6.976499999922225e-05
87,25,0.3,chebyshev,True,12,45,61,0.00010084199999482735
87,25,0.3,dijkstra_baseline,True,12,135,158,0.0003365439999996056
88,25,0.3,manhattan,True,29,108,139,0.00023222899999808533
88,25,0.3,euclidean,True,29,160,187,0.00033846900000611413
88,25,0.3,chebyshev,True,29,197,230,0.0004579069999977037
88,25,0.3,dijkstra_baseline,True,29,371,384,0.0007536690000051749
89,25,0.3,manhattan,True,22,61,73,0.00013529900000008865
89,25,0.3,euclidean,True,22,69,80,0.00014248899999813602
89,25,0.3,chebyshev,True,22,74,85,0.00015459299999776022
89,25,0.3,dijkstra_baseline,True,22,106,115,0.00023755500000532948
90,25,0.3,manhattan,True,27,82,104,0.00020658700000097951
90,25,0.3,euclidean,True,27,147,172,0.0003041840000008733
90,25,0.3,chebyshev,True,27,189,215,0.0004112359999979276
90,25,0.3,dijkstra_baseline,True,27,347,361,0.0007108869999967737
91,40,0.1,manhattan,True,57,554,635,0.0013105089999996267
91,40,0.1,euclidean,True,57,911,984,0.0021494130000050404
91,40,0.1,chebyshev,True,57,972,1055,0.0023984309999960374
91,40,0.1,dijkstra_baseline,True,57,1385,1395,0.0035732670000001576
92,40,0.1,manhattan,True,6,13,21,3.51489999985688e-05
92,40,0.1,euclidean,True,6,15,24,3.671900000057349e-05
92,40,0.1,chebyshev,True,6,18,29,4.3980999997472736e-05
92,40,0.1,dijkstra_baseline,True,6,51,66,0.00011380499999802396
93,40,0.1,manhattan,True,24,113,148,0.00026116699999789716
93,40,0.1,euclidean,True,24,149,184,0.0003849500000043804
93,40,0.1,chebyshev,True,24,181,220,0.00041032300000409805
93,40,0.1,dijkstra_baseline,True,24,421,455,0.0009004789999949026
94,40,0.1,manhattan,True,25,109,147,0.0002527390000039986
94,40,0.1,euclidean,True,25,190,234,0.00045148400000272204
94,40,0.1,chebyshev,True,25,233,282,0.0005712409999958368
94,40,0.1,dijkstra_baseline,True,25,801,847,0.0017687770000023306
95,40,0.1,manhattan,True,21,50,83,0.00012554199999925686
95,40,0.1,euclidean,True,21,94,137,0.00022171999999898162
95,40,0.1,chebyshev,True,21,123,167,0.00028550999999765736
95,40,0.1,dijkstra_baseline,True,21,750,807,0.001623070000000837
96,40,0.1,manhattan,True,32,127,202,0.00034280199999869865
96,40,0.1,euclidean,True,32,193,225,0.0007747610000023997
96,40,0.1,chebyshev,True,32,210,246,0.0018989699999991672
96,40,0.1,dijkstra_baseline,True,32,687,722,0.002403147000002548
97,40,0.1,manhattan,True,36,299,362,0.0006919039999999654
97,40,0.1,euclidean,True,36,411,478,0.0009475060000028179
97,40,0.1,chebyshev,True,36,483,553,0.0011890259999987052
97,40,0.1,dijkstra_baseline,True,36,1153,1183,0.0025128690000002507
98,40,0.1,manhattan,True,6,16,26,4.4625000001019544e-05
98,40,0.1,euclidean,True,6,16,26,3.981100000061133e-05
98,40,0.1,chebyshev,True,6,18,28,4.3927000000110183e-05
98,40,0.1,dijkstra_baseline,True,6,55,81,0.00011408000000301399
99,40,0.1,manhattan,True,33,186,234,0.0005051740000041605
99,40,0.1,euclidean,True,33,266,313,0.000633944000000497
99,40,0.1,chebyshev,True,33,333,392,0.0009145339999960811
99,40,0.1,dijkstra_baseline,True,33,1267,1295,0.002729085000005682
100,40,0.1,manhattan,True,16,61,87,0.000144026000000963
100,40,0.1,euclidean,True,16,82,110,0.00019098000000639104
100,40,0.1,chebyshev,True,16,100,134,0.00024690499999735493
100,40,0.1,dijkstra_baseline,True,16,469,524,0.001073864000005642
101,40,0.1,manhattan,True,32,140,190,0.0003936089999996284
101,40,0.1,euclidean,True,32,237,285,0.0005528889999979469
101,40,0.1,chebyshev,True,32,309,376,0.0007762870000007638
101,40,0.1,dijkstra_baseline,True,32,878,913,0.0019496130000007383
102,40,0.1,manhattan,True,27,77,117,0.00019466500000220321
102,40,0.1,euclidean,True,27,117,158,0.00029064599999628626
102,40,0.1,chebyshev,True,27,163,214,0.0003989799999999377
102,40,0.1,dijkstra_baseline,True,27,954,992,0.002126658000001669
103,40,0.1,manhattan,True,35,271,325,0.0006288970000056793
103,40,0.1,euclidean,True,35,390,452,0.0008944819999996412
103,40,0.1,chebyshev,True,35,461,535,0.0011663690000034421
103,40,0.1,dijkstra_baseline,True,35,1284,1302,0.002860107000003609
104,40,0.1,manhattan,True,34,246,297,0.000655231999999728
104,40,0.1,euclidean,True,34,351,413,0.0009816049999997745
104,40,0.1,chebyshev,True,34,422,494,0.0011220410000021275
104,40,0.1,dijkstra_baseline,True,34,1245,1269,0.002757672999997851
105,40,0.1,manhattan,True,31,90,140,0.00023211199999906285
105,40,0.1,euclidean,True,31,142,192,0.0003325859999989689
105,40,0.1,chebyshev,True,31,192,251,0.0004798140000019657
105,40,0.1,dijkstra_baseline,True,31,895,933,0.001962386999998955
106,40,0.2,manhattan,True,26,70,110,0.00016571100000106753
106,40,0.2,euclidean,True,26,97,132,0.00021357600000015964
106,40,0.2,chebyshev,True,26,138,184,0.0003592240000003244
106,40,0.2,dijkstra_baseline,True,26,835,883,0.0017431270000045629
107,40,0.2,manhattan,True,18,25,39,5.887500000056889e-05
107,40,0.2,euclidean,True,18,34,57,8.524699999412633e-05
107,40,0.2,chebyshev,True,18,53,76,0.00013501100000468114
107,40,0.2,dijkstra_baseline,True,18,228,247,0.00046996999999748823
108,40,0.2,manhattan,True,41,223,284,0.0005175350000001799
108,40,0.2,euclidean,True,41,377,449,0.0009579809999991085
108,40,0.2,chebyshev,True,41,490,545,0.0011571430000003602
108,40,0.2,dijkstra_baseline,True,41,1095,1123,0.0023230469999973025
109,40,0.2,manhattan,True,30,168,218,0.00037097999999957665
109,40,0.2,euclidean,True,30,254,296,0.0006314390000028425
109,40,0.2,chebyshev,True,30,315,364,0.000832959000000244
109,40,0.2,dijkstra_baseline,True,30,680,720,0.0015471230000017044
110,40,0.2,manhattan,True,2,3,7,1.1094999997851573e-05
110,40,0.2,euclidean,True,2,3,7,8.234999995693215e-06
110,40,0.2,chebyshev,True,2,3,7,8.223999998335785e-06
110,40,0.2,dijkstra_baseline,True,2,11,18,2.316300000160254e-05
111,40,0.2,manhattan,True,24,109,152,0.00026250199999822144
111,40,0.2,euclidean,True,24,143,181,0.00031498000000595994
111,40,0.2,chebyshev,True,24,156,189,0.00041992100000243227
111,40,0.2,dijkstra_baseline,True,24,530,561,0.0011605669999994461
112,40,0.2,manhattan,True,3,5,10,2.8479999997443883e-05
112,40,0.2,euclidean,True,3,5,10,1.9882000003690337e-05
112,40,0.2,chebyshev,True,3,5,10,1.4125999996394967e-05
112,40,0.2,dijkstra_baseline,True,3,16,26,3.3496999996884824e-05
113,40,0.2,manhattan,True,40,141,194,0.0003172669999997879
113,40,0.2,euclidean,True,40,199,247,0.0004845579999965821
113,40,0.2,chebyshev,True,40,266,324,0.000643226000001107
113,40,0.2,dijkstra_baseline,True,40,850,882,0.0018289369999990868
114,40,0.2,manhattan,True,62,598,682,0.0017498480000028849
114,40,0.2,euclidean,True,62,899,961,0.0022796129999989034
114,40,0.2,chebyshev,True,62,949,1028,0.0024663219999965236
114,40,0.2,dijkstra_baseline,True,62,1260,1263,0.0026988239999994335
115,40,0.2,manhattan,True,26,101,144,0.0002406799999974396
115,40,0.2,euclidean,True,26,133,170,0.0003444160000043439
115,40,0.2,chebyshev,True,26,184,229,0.00046722199999749137
115,40,0.2,dijkstra_baseline,True,26,712,747,0.0015331849999995484
116,40,0.2,manhattan,True,53,379,450,0.0008774779999995985
116,40,0.2,euclidean,True,53,614,675,0.0017664950000053636
116,40,0.2,chebyshev,True,53,679,741,0.0016605399999960468
116,40,0.2,dijkstra_baseline,True,53,1174,1186,0.0024519789999999375
117,40,0.2,manhattan,True,25,47,81,0.00014068699999825185
117,40,0.2,euclidean,True,25,57,89,0.0001448279999962665
117,40,0.2,chebyshev,True,25,74,119,0.0002118969999997944
117,40,0.2,dijkstra_baseline,True,25,354,376,0.000883397000002617
118,40,0.2,manhattan,True,55,470,548,0.001282872999993856
118,40,0.2,euclidean,True,55,680,725,0.0018967829999994024
118,40,0.2,chebyshev,True,55,704,764,0.001711980999999696
118,40,0.2,dijkstra_baseline,True,55,1174,1188,0.002756384000001333
119,40,0.2,manhattan,True,8,19,30,4.904900000468615e-05
119,40,0.2,euclidean,True,8,22,33,6.337800000011384e-05
119,40,0.2,chebyshev,True,8,24,38,9.10480000015923e-05
119,40,0.2,dijkstra_baseline,True,8,73,90,0.00017261200000007193
120,40,0.2,manhattan,True,29,105,147,0.00028002399999849104
120,40,0.2,euclidean,True,29,142,181,0.0003664740000033362
120,40,0.2,chebyshev,True,29,189,242,0.0004742879999994898
120,40,0.2,dijkstra_baseline,True,29,835,870,0.001961426999997684
121,40,0.3,manhattan,True,38,128,159,0.00029675700000098004
121,40,0.3,euclidean,True,38,225,263,0.000553271000001132
121,40,0.3,chebyshev,True,38,279,301,0.0007160769999998706
121,40,0.3,dijkstra_baseline,True,38,487,504,0.001063291999997773
122,40,0.3,manhattan,True,23,84,114,0.00020555500000085658
122,40,0.3,euclidean,True,23,126,154,0.000306158999997308
122,40,0.3,chebyshev,True,23,163,195,0.000405608999997753
122,40,0.3,dijkstra_baseline,True,23,489,524,0.0010539859999951773
123,40,0.3,manhattan,True,17,53,72,0.00013656499999825655
123,40,0.3,euclidean,True,17,67,87,0.00015857500000038272
123,40,0.3,chebyshev,True,17,83,107,0.0002126939999982369
123,40,0.3,dijkstra_baseline,True,17,307,334,0.0007130649999993466
124,40,0.3,manhattan,True,28,104,128,0.0002502040000038619
124,40,0.3,euclidean,True,28,161,184,0.0004243409999986625
124,40,0.3,chebyshev,True,28,194,225,0.0004918520000032345
124,40,0.3,dijkstra_baseline,True,28,661,696,0.0015097849999961
125,40,0.3,manhattan,True,60,448,524,0.0012002810000026898
125,40,0.3,euclidean,True,60,689,725,0.0017281220000029407
125,40,0.3,chebyshev,True,60,737,789,0.001978366999999537
125,40,0.3,dijkstra_baseline,True,60,1010,1022,0.0023278960000041593
126,40,0.3,manhattan,True,48,263,308,0.0006422129999990034
126,40,0.3,euclidean,True,48,366,402,0.0008982729999971184
126,40,0.3,chebyshev,True,48,445,495,0.0010917999999975336
126,40,0.3,dijkstra_baseline,True,48,927,945,0.0019348149999984798
127,40,0.3,manhattan,True,24,127,161,0.00030938000000446664
127,40,0.3,euclidean,True,24,156,180,0.00033879699999772583
127,40,0.3,chebyshev,True,24,177,204,0.0003954969999995228
127,40,0.3,dijkstra_baseline,True,24,284,305,0.0006051480000053289
128,40,0.3,manhattan,True,27,74,96,0.0001664869999942198
128,40,0.3,euclidean,True,27,103,115,0.00021521400000068525
128,40,0.3,chebyshev,True,27,120,137,0.00026098200000035376
128,40,0.3,dijkstra_baseline,True,27,579,629,0.0012082049999975197
129,40,0.3,manhattan,True,19,87,113,0.0002006469999997762
129,40,0.3,euclidean,True,19,105,131,0.00023659300000389294
129,40,0.3,chebyshev,True,19,123,147,0.00031236899999953494
129,40,0.3,dijkstra_baseline,True,19,356,397,0.0007500109999938331
130,40,0.3,manhattan,True,30,77,92,0.00016409899999558775
130,40,0.3,euclidean,True,30,135,151,0.0003428189999965525
130,40,0.3,chebyshev,True,30,152,172,0.00034472499999793627
130,40,0.3,dijkstra_baseline,True,30,477,506,0.0010507749999959515
131,40,0.3,manhattan,True,23,71,91,0.0001920409999982553
131,40,0.3,euclidean,True,23,97,109,0.0002865390000010848
131,40,0.3,chebyshev,True,23,116,132,0.0002849520000012262
131,40,0.3,dijkstra_baseline,True,23,326,347,0.0006902559999986124
132,40,0.3,manhattan,True,23,74,90,0.00018067999999971107
132,40,0.3,euclidean,True,23,95,114,0.0002492079999996122
132,40,0.3,chebyshev,True,23,130,157,0.0002939370000021313
132,40,0.3,dijkstra_baseline,True,23,302,325,0.0006584710000012706
133,40,0.3,manhattan,True,55,175,225,0.0004006090000032714
133,40,0.3,euclidean,True,55,535,600,0.0012597240000005172
133,40,0.3,chebyshev,True,55,676,739,0.0016976590000012948
133,40,0.3,dijkstra_baseline,True,55,1073,1077,0.003408409999998696
134,40,0.3,manhattan,True,29,108,125,0.00025477700000209325
134,40,0.3,euclidean,True,29,132,149,0.0003704020000014907
134,40,0.3,chebyshev,True,29,152,165,0.00037074000000103524
134,40,0.3,dijkstra_baseline,True,29,295,305,0.0006909399999983634
135,40,0.3,manhattan,True,37,189,227,0.00044124099999720556
135,40,0.3,euclidean,True,37,230,255,0.0005186389999991547
135,40,0.3,chebyshev,True,37,271,310,0.0006797230000046284
135,40,0.3,dijkstra_baseline,True,37,518,539,0.0011143959999984077
