method,n_agents,collision_free_rate,avg_collisions,avg_makespan,avg_sum_of_costs,avg_time_ms
cooperative_astar,2,1.0,0.0,22.3125,35.875,1.5193068124971814
cooperative_astar,4,1.0,0.0,25.90625,70.46875,1.838372031253091
cooperative_astar,6,1.0,0.0,30.625,114.5,4.4171990312484395
cooperative_astar,8,1.0,0.0,29.65625,139.5625,3.8610030000007565
cooperative_astar,12,1.0,0.0,34.1875,216.8125,9.931384781252062
cooperative_astar,16,1.0,0.0,35.21875,293.4375,19.060276625001606
plain_astar,2,0.90625,0.09375,22.3125,35.3125,0.3815146875040861
plain_astar,4,0.71875,0.90625,25.6875,69.75,0.6313766249998469
plain_astar,6,0.40625,0.96875,30.5,112.1875,1.078844968741725
plain_astar,8,0.3125,1.46875,29.53125,137.4375,1.2613341562416909
plain_astar,12,0.0625,4.8125,33.59375,207.90625,2.184277687497572
plain_astar,16,0.0,8.28125,35.3125,279.34375,2.838496531250406
